product_id,Price (After Discount),Sales Count,Rating Average,Number Reviews,Discount Rate,neg_count,neu_count,pos_count
270880693,169000,1518,4.8,53,15,6,1,23
271518926,83300,1424,5.0,59,30,1,1,13
278398007,169000,142,5.0,9,15,0,0,2
276960030,70850,2491,5.0,112,35,2,1,26
403896,236350,738,4.7,74,0,42,21,187
278949629,54000,72,5.0,2,7,0,0,1
278879928,80850,298,5.0,11,23,0,0,3
278859517,119400,67,5.0,11,33,0,0,2
8293201,143000,5637,5.0,427,40,10,12,224
601472,117950,44,5.0,2,0,2,0,2
279116173,199000,3,5.0,1,5,0,0,1
180585154,461350,48,4.8,4,0,0,0,1
278856619,89000,656,5.0,43,23,1,0,17
278838097,123000,312,4.7,16,34,2,0,5
278790552,28500,1311,5.0,136,5,2,1,34
278785576,28500,392,4.8,4,5,0,0,4
142791574,129500,16,5.0,1,0,0,0,7
175465738,727080,22,5.0,1,0,1,0,0
204083235,153350,67,5.0,2,0,0,0,1
25728855,213250,97,5.0,6,0,2,0,5
278523761,23000,56,5.0,10,8,0,1,5
278423155,217000,1258,5.0,68,37,1,2,14
277599506,236600,402,4.6,24,30,1,1,4
277397107,252000,383,4.3,52,34,8,6,11
276948798,92400,2396,4.8,87,23,4,0,12
276659602,38000,787,5.0,44,5,1,0,11
276425570,34650,199,5.0,7,23,0,0,1
274363543,110000,5240,5.0,258,33,6,1,60
273819808,239000,1006,4.8,3766,0,65,28,168
272404892,111000,287,5.0,9,33,0,0,4
272367381,73150,2663,5.0,147,23,3,0,32
271162836,169000,1076,5.0,104,25,3,1,26
263070154,152460,5082,4.8,329,23,12,6,65
253054602,38000,110,4.2,6,0,1,0,1
249876840,157000,1811,5.0,159,25,5,6,44
202879294,120000,6104,5.0,488,25,12,5,95
194960730,98000,4541,5.0,333,25,15,4,71
139303869,86000,5963,5.0,582,33,14,12,114
101782486,101000,4145,4.7,339,36,26,17,69
95289208,84000,5203,5.0,512,34,11,11,178
82912488,98000,11508,5.0,1281,25,15,8,174
52789367,68200,39630,5.0,6072,28,28,19,230
13446508,75000,6875,5.0,813,25,27,22,158
13419678,67760,24012,4.8,2538,23,28,19,158
1647103,142000,1621,4.8,113,25,9,3,38
540039,148000,8435,4.8,960,25,19,21,149
189940673,105500,853,4.8,55,34,2,1,17
278967562,118750,107,5.0,23,5,2,0,4
278901566,168000,226,5.0,9,30,1,0,4
278872177,254000,240,5.0,18,35,0,0,6
278729078,35000,16,5.0,3,8,0,0,1
59478514,219350,54,5.0,2,0,13,18,104
276557994,381000,3,5.0,1,0,0,0,1
56365400,230350,884,4.7,190,0,43,33,224
278724728,153000,591,5.0,14,36,0,0,1
278691939,130130,154,5.0,1,23,0,0,1
278590521,99000,155,5.0,8,25,1,0,2
278504736,220000,1067,5.0,181,30,10,3,40
6778697,161100,487,5.0,61,0,6,7,49
192726226,239000,35,5.0,8,0,1,0,1
278451452,67200,24,5.0,1,30,0,0,1
278496130,24000,127,5.0,521,4,15,19,145
278275295,94500,453,4.6,412,30,37,29,264
278275166,48000,599,5.0,9,13,0,0,1
277962612,116000,252,5.0,27,31,1,0,0
277671463,41000,9,5.0,8,9,0,1,3
276753420,15000,397,5.0,1,50,1,0,0
276019606,117000,325,5.0,177,33,4,6,51
273691914,139300,363,4.7,25,30,2,1,9
272854044,149000,1237,5.0,49,25,0,0,11
272447903,120400,219,5.0,50,29,1,1,11
272447731,146400,228,5.0,65,13,3,0,17
271380890,84000,4472,5.0,971,33,15,6,127
263514100,105100,554,5.0,38,22,0,2,14
263419926,204000,510,4.7,36,33,4,0,14
225912339,100900,3419,4.7,236,32,13,6,59
220665663,103950,2628,4.8,161,23,8,2,35
210277880,315000,2630,4.8,226,30,14,9,47
207035097,125000,1797,5.0,101,22,4,3,38
140416370,175560,9156,5.0,790,23,18,14,127
124767703,80850,8731,5.0,768,23,13,18,138
90056907,112200,5194,5.0,594,32,16,11,144
76013370,140000,2681,5.0,316,23,12,9,97
74021317,70200,76652,5.0,13501,35,57,18,298
8885995,105000,18260,4.8,2750,30,57,30,201
4780917,90300,22849,4.8,2722,30,43,21,196
3954355,118300,43067,5.0,4077,30,27,11,226
3304875,97300,34746,5.0,4869,30,35,19,256
279149141,79000,85,5.0,9,20,1,0,1
278959516,92000,72,4.8,5,23,1,0,1
278949599,24500,198,5.0,17,2,0,1,3
278872225,175000,148,4.7,10,33,2,0,1
278800709,167700,118,5.0,1,32,1,0,0
278756674,37000,82,5.0,3,8,0,0,3
278516481,144000,62,4.8,11,33,1,0,5
278492587,77400,106,5.0,16,10,0,0,3
278110636,72000,314,4.6,27,25,4,0,8
277938216,151000,616,5.0,17,25,0,0,3
276968794,35000,48,3.8,4,0,1,0,0
276912755,134400,398,4.8,18,30,0,0,4
276471716,66700,641,4.8,314,33,12,2,80
275178313,110000,471,4.7,23,33,2,1,5
274955702,33000,223,3.0,2,0,1,0,0
274844704,143000,748,4.8,31,33,3,0,5
273456914,21000,70,5.0,28,48,0,0,2
212992705,101500,1655,5.0,63,30,1,2,16
196280107,104000,516,4.8,33,20,2,1,7
195291930,100100,4754,5.0,270,23,3,9,65
186286187,78000,4762,5.0,175,26,2,4,41
176909221,153230,3690,5.0,524,23,15,10,146
170708233,142000,11908,4.8,881,25,34,8,145
165030729,135000,1881,5.0,174,25,4,4,50
73787185,181300,23909,4.8,4227,30,52,27,217
52329763,131600,7193,4.8,1218,30,34,17,145
13920941,502000,4834,4.8,852,5,16,14,165
8885999,84000,22489,5.0,2107,30,22,16,216
7833728,60000,38259,4.8,3580,25,33,22,235
750578,68000,62447,4.7,2303,38,36,19,166
279120672,201000,49,5.0,6,11,0,1,2
278892527,38000,100,4.0,2,5,1,0,0
278756735,385000,110,5.0,6,30,0,0,2
278489414,124900,216,5.0,5,21,2,0,0
278445298,57000,946,5.0,260,5,10,11,45
278159875,105000,413,4.7,23,30,3,1,4
277770425,119000,1097,5.0,76,25,1,1,15
277591013,166250,155,5.0,15,5,0,0,6
276833162,42000,837,5.0,2811,30,11,13,204
276750755,310000,238,5.0,100,22,3,4,27
276313958,166000,1336,5.0,58,29,3,1,9
276302840,210800,211,5.0,13,29,0,0,1
276159943,222500,2673,5.0,182,32,6,5,29
275406600,126300,2967,4.7,91,35,6,3,16
273717706,99330,1635,4.8,91,23,5,1,20
273596551,110600,299,5.0,11,30,0,0,4
271916321,99000,5498,5.0,466,24,26,15,120
271118010,105000,2214,5.0,137,32,4,2,38
249875170,199000,2733,5.0,364,33,6,11,116
212597849,9000,3618,3.0,2,0,1,0,0
194960744,109000,1241,5.0,61,25,0,1,15
187843291,63000,2282,5.0,147,30,6,3,34
184419723,194000,4957,5.0,430,35,13,7,86
179063564,89000,3733,4.8,278,26,10,8,77
177637709,139000,6624,5.0,168,25,5,3,47
143226165,76230,1190,4.8,244,23,10,10,59
143226162,104000,1533,4.8,125,35,3,4,32
57325187,75460,17917,5.0,2549,23,23,11,185
48481763,189900,5380,4.8,658,36,29,18,141
42230121,154000,37245,5.0,3736,3,32,19,227
35191892,165200,20794,4.6,1836,30,71,21,177
7982628,284000,13277,4.8,1495,25,38,18,198
3639597,70000,49079,4.8,4045,30,32,14,236
1080002,1340000,10831,4.7,1597,23,45,31,246
544731,150000,3946,5.0,470,24,13,6,134
540040,118000,5425,4.8,636,25,18,13,132
278959496,118000,104,4.8,6,19,1,0,2
278949727,164000,34,5.0,3,33,1,0,0
278948895,190000,192,4.8,12,5,0,1,3
278860287,92000,258,4.7,18,20,1,0,4
278663242,505900,401,4.8,39,23,1,0,6
278445037,46000,34,5.0,2,8,0,0,1
278377639,160930,351,5.0,32,23,0,1,6
278123404,80000,302,4.7,15,11,1,1,1
278103698,51000,83,5.0,3,7,2,0,0
277585868,152460,203,5.0,10,23,0,0,1
277539447,66000,124,5.0,7,34,1,0,1
277384364,51000,356,5.0,17,7,0,1,0
277228103,112800,155,5.0,9,33,0,0,1
276823777,235000,894,5.0,57,24,1,2,11
276641698,93000,1499,5.0,104,26,2,3,26
276388548,169500,3721,4.7,226,37,16,7,44
276174669,206900,142,5.0,9,17,0,0,2
275793457,129000,314,5.0,82,34,0,1,18
274960240,35000,179,5.0,3,0,0,0,2
274327420,153000,97,4.8,12,19,0,1,4
273114488,116200,2177,4.6,80,35,4,0,8
273079628,59000,713,5.0,129,25,0,1,31
271379451,116200,9842,4.7,478,35,27,15,70
261982682,106000,2459,5.0,106,33,1,1,31
217173376,12000,469,5.0,10,0,0,0,2
214186194,123000,2425,4.8,141,35,6,4,23
214186191,111000,1769,4.7,115,30,8,3,25
198089172,30000,654,5.0,63,0,1,2,9
195801321,76800,2594,4.7,112,35,6,4,18
132366458,180000,283,5.0,34,25,1,1,10
104769768,733000,5053,5.0,883,13,22,21,196
76305756,102200,176,4.8,29,30,2,1,11
51903728,71000,1671,5.0,372,25,12,14,108
40933969,150000,6532,5.0,529,25,11,9,126
10005245,131600,53278,4.8,4228,30,50,24,183
833434,60000,1125,4.8,52,20,2,2,18
279106083,91000,69,5.0,6,17,0,0,4
278863032,156100,110,4.0,4,29,1,0,0
278809843,160930,87,5.0,2,23,0,0,1
278788044,33000,130,5.0,3,6,0,0,1
278749523,124600,61,5.0,7,0,0,0,1
278729070,33000,128,5.0,6,6,0,0,5
278316450,71250,176,5.0,7,5,0,0,1
278249906,245000,68,5.0,3,30,0,0,1
277024165,133000,446,4.8,41,30,0,0,6
276922095,147000,982,4.7,42,36,3,2,9
276718105,99000,378,5.0,29,49,2,0,6
276379811,42000,176,5.0,30,7,0,0,4
275702538,112300,3413,4.7,196,34,6,7,35
275044457,122500,770,5.0,40,30,1,0,8
274031576,44000,1849,5.0,111,8,1,1,3
272449818,83930,2720,5.0,151,23,4,1,28
271219230,120000,1183,4.8,103,33,10,4,21
249875142,98000,143,5.0,7,32,0,0,1
212212206,132000,716,5.0,39,30,1,1,13
207754093,113200,993,4.8,67,29,3,0,8
155550591,119000,5345,5.0,386,33,8,3,119
147058065,119300,2491,4.8,236,29,9,4,67
106362865,67600,769,4.7,68,32,3,3,22
91947689,169200,9619,5.0,993,32,17,16,158
73120237,39000,568,4.7,46,71,3,5,18
32490132,131000,9343,4.8,611,25,9,13,174
15267827,60200,26916,5.0,3523,20,37,22,228
11951795,212000,1139,4.7,64,23,3,4,25
8886007,112000,10676,4.8,1380,30,33,17,168
3859125,77800,1816,4.7,156,35,9,5,50
997535,92000,9195,4.8,836,20,28,13,207
278979103,595000,74,4.7,3,0,0,0,2
278626139,107000,155,5.0,10,21,0,1,3
278591040,160930,227,4.8,13,23,0,0,3
278160412,184030,209,5.0,4,23,0,0,1
278035545,165000,368,4.6,13,31,1,0,0
277967046,236000,94,4.8,5,0,1,0,1
277726531,425000,146,4.7,15,27,3,2,9
275948240,140000,1051,4.7,48,36,3,2,8
275237444,87000,447,5.0,34,28,1,2,8
275140709,77220,582,4.8,17,22,0,1,4
249875150,166000,2075,5.0,197,35,6,3,38
207256575,91630,8409,4.8,624,23,24,25,111
206784512,187000,250,4.5,18,30,2,0,4
195545304,85000,4675,4.8,151,35,7,1,30
191782162,78000,2412,5.0,165,26,2,3,37
187827445,85000,1340,5.0,156,26,4,2,35
137161811,8000,888,5.0,54,0,5,7,152
120219394,64400,6254,5.0,614,30,12,16,127
114937969,126000,6974,5.0,1143,30,35,18,158
112825941,94500,1497,4.8,163,30,6,6,43
111537683,83000,2364,5.0,462,25,17,11,122
107802183,98560,10015,5.0,973,23,14,9,174
105663942,90860,5520,5.0,500,23,7,10,122
76175345,128300,920,4.8,140,36,5,5,45
75307228,129360,14826,5.0,2141,23,31,15,184
59262880,113960,7520,4.8,980,23,21,9,154
57354850,121000,917,5.0,172,24,3,8,80
12053550,165000,1408,4.8,160,25,8,5,46
9948009,87500,7233,4.8,554,30,26,16,135
8835159,63000,45453,4.8,3175,26,28,14,208
1534613,206000,2634,4.8,334,26,10,14,90
278747047,478800,61,2.8,4,27,2,0,1
278707611,14000,30,4.0,6,30,2,0,3
278668649,52000,62,5.0,4,26,0,0,1
277998254,96000,180,5.0,11,26,0,0,3
276981105,110000,60,5.0,12,0,0,0,5
275362670,40000,1562,5.0,53,11,0,0,3
275264393,129360,3517,5.0,158,23,2,0,39
275218105,98560,215,4.8,9,23,1,0,2
274546151,98000,3325,5.0,185,30,2,6,44
274242104,70000,326,4.8,13,30,2,0,5
273746688,169100,112,4.8,20,26,1,0,7
272000024,132300,5065,5.0,256,30,7,3,56
271495378,178800,236,5.0,7,28,0,0,1
270442396,95000,117,4.7,6,26,0,1,0
262590428,57000,3971,5.0,275,21,7,6,63
253398071,197000,252,4.8,26,33,1,0,6
243097256,101000,4081,5.0,217,25,4,4,44
243006533,124000,845,5.0,73,25,1,3,13
205942263,92400,2326,4.8,66,30,5,1,19
196150482,110000,588,5.0,70,35,2,2,16
188940817,73000,10713,4.8,1210,8,38,40,188
185909452,137060,1670,5.0,153,23,1,4,32
177487151,123000,2031,5.0,269,23,7,6,95
155463021,496800,688,4.8,81,29,6,4,26
147920903,94500,15385,4.8,2082,30,55,31,196
117238177,105000,11260,5.0,1954,30,34,23,223
77982982,127000,3637,4.8,367,36,20,25,102
54266567,84700,14421,5.0,1850,23,20,16,183
19588948,82000,4141,4.5,211,25,24,10,70
17493916,127000,988,5.0,83,24,2,1,37
3644267,62780,16062,4.6,603,27,44,16,145
1699251,114100,3098,4.8,128,28,8,6,35
1362559,128800,5689,4.6,457,35,32,14,134
1256319,144300,2063,4.7,110,27,10,3,28
278998895,172000,63,4.8,9,17,0,0,1
278637425,122200,167,4.8,5,35,0,0,1
278445062,144760,318,5.0,13,23,0,0,5
276886135,46000,371,5.0,160,33,2,0,39
276642618,103000,235,4.8,423,26,15,16,106
276509013,194000,86,4.5,2,22,0,0,1
275794409,105000,410,4.8,21,30,2,0,1
275613236,118000,768,4.8,92,25,6,1,27
274802547,75800,468,5.0,7,30,0,0,1
274728364,189000,597,4.8,115,31,6,4,21
274458341,186000,644,5.0,46,24,2,1,9
270504803,154700,900,5.0,24,25,0,2,7
247843970,349000,779,5.0,57,0,1,2,21
205819593,47800,678,5.0,118,18,3,6,32
187827003,84700,29805,5.0,1859,23,24,22,209
176824194,118200,765,5.0,74,32,1,4,17
157244522,47000,546,5.0,49,22,1,1,12
130230756,721000,315,5.0,85,7,4,4,43
107026335,55300,1243,4.8,100,30,4,3,23
87391039,89000,1932,5.0,230,26,11,5,63
57815506,137060,4277,4.8,418,23,16,12,98
50322710,150000,9286,5.0,970,25,22,12,121
49910019,77000,8329,5.0,632,19,17,14,125
17336364,90300,19300,4.8,3557,30,52,28,256
14683301,60060,3752,4.7,396,23,7,12,108
8121460,105000,32428,4.8,1911,19,27,16,221
509829,98000,4894,4.8,311,2,35,15,147
503787,243000,119,4.5,4,24,1,0,6
447343,81000,906,4.7,47,35,4,2,15
278749397,269100,37,5.0,3,10,0,0,1
278475152,416300,43,5.0,2,17,0,0,1
278451455,175000,227,5.0,15,30,1,0,1
278311349,66000,125,5.0,74,34,2,5,17
278229572,155000,81,5.0,8,13,0,0,2
278159885,262500,265,5.0,17,30,1,0,4
277809376,120000,779,5.0,36,25,0,1,9
277728224,130000,7717,4.8,456,31,14,7,80
277361266,98560,87,4.3,6,23,1,0,0
276660934,264000,194,4.7,20,33,3,1,1
275087003,147000,61,5.0,9,30,0,0,4
273787209,188300,136,5.0,19,30,2,0,6
271278938,229460,1203,5.0,55,23,4,1,8
270529639,106000,1902,5.0,92,24,2,3,14
201845361,217000,1663,5.0,131,36,4,4,26
199728540,15000,1002,5.0,71,0,0,2,12
179721624,30000,262,5.0,25,0,0,0,6
173745189,270000,1483,5.0,205,30,8,8,52
168662171,56000,2832,5.0,193,25,1,2,59
139567621,113960,3555,5.0,304,23,8,13,71
86517373,245000,7458,4.8,1379,30,30,21,223
80657321,121000,4486,5.0,589,33,3,14,169
77225336,49000,1525,4.8,223,30,6,8,60
76776245,84900,6441,4.8,734,34,22,19,105
37887031,121000,1927,4.8,180,24,5,7,59
32802803,207600,1708,4.8,148,26,7,6,48
14655136,96600,2156,4.7,354,30,35,17,102
10920495,118000,7513,5.0,856,21,6,9,193
10392851,113000,7489,5.0,878,25,8,14,197
1864759,152000,2112,5.0,263,19,10,10,71
1750249,327300,10436,4.7,607,34,38,15,167
1453497,204000,944,4.8,82,24,1,2,28
278710197,44000,97,5.0,1,7,0,0,1
278491439,113000,105,4.8,4,22,0,0,1
278275283,84000,93,4.8,497,30,17,6,119
278275160,94000,161,5.0,14,25,1,0,2
277420884,131000,68,5.0,4,18,0,0,1
276107155,692000,363,4.8,49,23,3,1,10
275599939,112000,2765,5.0,163,30,2,2,28
275138977,125000,275,4.8,36,37,2,1,8
275043092,111000,276,4.6,16,30,2,1,4
274242094,35000,89,5.0,4,30,0,0,2
272129446,113700,594,4.0,16,33,2,0,4
198572118,146000,326,5.0,32,3,1,0,5
198208145,110000,401,5.0,40,15,1,1,13
191782142,68000,581,5.0,36,26,0,1,10
184419756,131000,310,5.0,25,21,0,1,11
174605333,133000,1115,5.0,110,19,2,2,26
157432540,148000,1266,5.0,181,24,2,3,57
157255752,129360,3315,5.0,296,23,9,4,83
129355968,98000,501,5.0,79,42,0,0,33
76013378,204000,12761,5.0,1934,36,19,17,167
72615305,327300,1553,4.8,306,34,11,12,93
68059466,98000,651,4.8,63,25,4,2,9
55957270,75460,2683,4.8,402,23,16,8,95
30757177,90300,1805,4.7,141,30,16,10,37
12377498,77000,9239,5.0,1310,30,40,13,180
9687403,152600,8119,4.8,583,39,23,18,119
8886001,101500,14172,4.8,1556,30,35,23,202
924313,48100,476,4.8,54,33,3,2,12
278998287,90300,37,4.5,2,30,1,0,0
278192559,137830,112,5.0,4,23,0,0,1
277138921,138600,88,5.0,6,23,0,0,2
276886061,76800,43,5.0,297,22,1,3,70
274761882,132000,85,5.0,14,15,0,0,4
273958138,144760,173,5.0,6,23,0,0,1
273103346,125000,123,5.0,22,34,1,1,5
271495367,179600,662,5.0,33,25,1,1,7
210765544,110000,190,4.6,9,27,1,0,1
208561144,72000,160,5.0,8,0,0,0,1
206266518,190000,472,4.7,31,0,2,0,7
200772000,36400,46,5.0,1,30,0,0,1
184790643,225900,363,4.7,14,24,1,0,4
170708219,119000,2098,4.8,113,34,6,6,24
160370177,76000,345,5.0,30,24,1,0,7
107802188,83160,3037,5.0,334,23,6,11,131
90985718,94710,2786,5.0,264,23,7,10,69
86270920,63000,665,4.8,86,16,7,2,24
75948573,104500,155,4.8,27,25,0,0,11
66619715,75460,8730,4.8,952,23,19,8,121
52788074,59500,1171,5.0,208,30,4,8,59
44251089,35000,310,5.0,49,8,2,1,13
7718737,103600,11919,4.8,1040,30,33,17,149
1702825,37800,2981,4.8,195,30,13,8,48
1699263,141200,4388,4.7,233,25,15,5,77
347334,74000,24533,4.7,1341,26,21,10,171
278813668,128000,82,4.6,5,32,1,0,1
278690049,136000,99,4.5,4,24,1,0,0
278315209,34300,633,4.8,39,2,1,2,14
277875592,86900,558,5.0,84,21,2,1,17
276933748,297000,581,5.0,2,23,0,0,1
275900290,29900,32,4.6,50,25,3,3,15
275899500,74000,22,5.0,1,8,0,0,1
272111582,73920,224,5.0,17,23,1,0,7
271950414,40600,160,4.7,15,30,2,0,0
271414262,64400,273,5.0,14,30,0,0,5
262664014,209000,372,5.0,28,5,0,1,3
251547360,118200,301,4.8,12,26,0,0,3
209389165,2000,10599,3.0,2,0,1,0,0
206678865,129360,2938,5.0,146,23,2,1,33
204631110,25000,978,4.8,43,0,1,0,3
202879282,85000,84,4.5,8,26,1,0,2
178294073,295000,2221,4.8,223,0,6,9,73
113530805,75600,12174,4.8,1529,30,31,28,209
89402951,170000,465,4.6,70,25,6,2,27
85923342,129360,4359,5.0,278,23,9,7,72
19662184,68600,3483,4.8,481,30,29,14,132
10227724,84000,581,5.0,33,24,2,2,35
4371159,319200,4527,4.5,67,28,20,7,138
3048355,83930,4447,4.8,441,23,13,10,103
278880909,84900,59,5.0,2,32,0,1,0
278064377,76230,232,5.0,5,23,0,0,4
277827033,232300,232,4.8,435,22,9,9,110
277499663,167000,166,5.0,12,33,1,1,4
277483610,300300,12,4.0,2,9,1,0,0
277135761,87200,57,4.5,4,20,1,0,0
276377313,163000,258,4.8,18,24,1,1,4
275354839,64600,491,5.0,21,32,0,0,4
275034837,135000,37,5.0,2,20,0,0,1
274845339,56200,585,4.7,11,35,0,0,1
274546134,112000,48,5.0,5,30,0,0,1
274545381,51000,72,5.0,10,22,0,0,3
274069251,82600,418,5.0,6,30,0,0,2
273359952,179000,44,5.0,3,0,0,0,1
272349560,199430,1052,5.0,75,23,1,0,23
270847918,163700,783,4.7,529,33,38,10,123
263109178,92000,35,4.8,4,32,1,0,0
199547425,114800,412,4.6,16,28,2,1,3
195954735,80800,245,5.0,17,27,0,1,7
181699634,143000,340,4.8,64,29,3,0,26
173515418,56000,178,5.0,10,25,0,0,1
157240665,108000,11775,5.0,2113,26,16,14,286
143186001,84000,4059,4.8,371,42,12,12,105
129381385,79800,133,5.0,13,19,0,0,7
113655308,48000,2307,5.0,417,0,9,14,128
108327033,126700,498,4.8,43,25,2,2,14
53728878,118300,1725,4.7,180,30,14,9,59
47068251,81900,334,5.0,18,24,0,0,10
12138656,160800,3943,4.8,210,33,11,6,46
11368965,320400,4245,5.0,673,10,6,13,163
3472313,106600,1903,4.5,93,17,18,7,36
2812299,74000,8776,4.8,484,26,17,15,105
605949,162000,190,5.0,14,18,1,0,4
278802389,131000,11,5.0,2,12,0,0,2
278492655,118000,27,5.0,16,13,0,0,6
278111429,119350,60,5.0,5,23,0,0,2
276508158,36000,279,5.0,7,0,0,1,1
275396866,304500,285,5.0,17,24,0,0,3
275052244,29000,7,1.0,1,0,0,1,0
273844978,116800,15981,4.7,1427,31,65,31,149
273534078,198000,1636,5.0,63,21,2,1,15
273346856,107030,2223,4.8,111,23,6,3,23
272269839,113000,378,4.8,13,25,0,0,3
272000019,89600,609,5.0,34,30,2,1,7
271121222,122430,188,5.0,27,23,1,1,6
270837142,84900,28,5.0,2,29,0,0,1
253361068,150600,62,5.0,6,31,0,0,2
248930292,77220,3639,4.8,316,35,17,5,68
195954721,66800,138,5.0,10,30,0,1,3
195545362,38400,193,4.7,18,23,1,0,3
189940682,70700,112,4.8,6,29,0,0,3
186290796,35000,1154,5.0,130,19,4,8,31
165956557,63700,117,4.8,12,25,1,0,5
75996801,47000,1711,5.0,145,22,3,0,44
55298780,104500,244,4.8,28,25,0,4,13
14683083,121000,1430,4.8,89,24,2,5,41
14053722,157500,2192,4.7,228,30,20,6,66
11806673,340000,244,5.0,47,3,3,2,13
3472315,109300,1888,4.5,88,15,10,11,41
279106087,216000,33,5.0,3,30,1,0,1
278791364,135000,80,4.8,9,25,1,0,3
278632669,243000,35,5.0,1,10,0,1,0
278160686,122000,115,5.0,3,23,0,2,0
277228157,367000,48,4.7,7,29,0,0,2
271087665,136200,428,4.6,19,30,2,0,5
270790318,21600,50,4.8,70,2,2,1,20
270287127,126000,5,5.0,1,0,0,0,1
270234757,176000,2356,5.0,158,20,1,2,37
209605866,22900,63,5.0,3,28,0,0,1
208206806,148500,73,3.5,4,29,2,0,0
205986062,174000,115,5.0,14,24,0,0,1
205581885,77000,4285,5.0,233,33,5,4,44
200694865,44000,406,5.0,41,2,1,2,2
179735872,71200,2567,4.8,254,20,10,14,51
148802194,134750,800,4.8,164,23,6,6,39
145634336,155000,64,5.0,9,13,1,0,3
137694321,73800,538,4.8,50,25,3,2,13
84454869,168000,113,4.7,19,23,1,1,6
59258215,37400,281,4.8,24,22,0,2,5
57702490,165000,215,4.8,45,0,1,0,19
54614797,85000,13091,4.8,2449,8,38,36,212
54431361,305000,320,5.0,53,48,1,1,13
42619671,239000,162,3.9,18,0,6,0,2
2496281,84000,4922,4.8,636,30,29,13,123
549775,164000,357,4.7,31,17,3,0,10
437697,180700,116,4.7,9,20,0,0,3
277920158,28000,24,5.0,1,20,0,0,1
275296463,98100,194,4.6,15,10,0,1,2
274363795,110000,33,5.0,2,20,0,0,1
272582658,168000,78,4.8,4,16,0,0,1
200765426,77000,233,5.0,15,23,0,0,5
173090922,46152,256,4.6,20,0,1,1,4
170966264,29000,8,3.0,1,0,0,1,0
168780451,257000,23,5.0,1,4,0,0,1
162100190,46400,91,4.7,7,23,1,0,2
153521908,286600,135,5.0,23,17,0,0,13
153521900,287000,105,5.0,16,17,1,0,10
134025399,451500,9,4.0,1,0,0,0,1
81323246,150150,7795,5.0,1422,23,33,21,231
69107154,69700,928,4.8,372,27,12,11,98
58710928,279300,107,5.0,11,5,0,1,5
57350382,183260,345,4.8,81,23,4,6,23
28292286,254000,4930,5.0,1265,33,14,19,267
24602605,250000,209,4.8,25,0,3,0,4
20822929,180000,89,4.6,14,0,2,0,20
16212465,210350,59,4.8,14,0,1,1,3
10581281,13000,129,5.0,2,19,0,1,4
10411544,225180,282,5.0,44,19,4,6,81
8470208,101000,735,4.7,36,20,3,1,17
2633647,25800,62,3.7,3,26,2,0,0
801580,14000,1,4.0,1,0,0,0,1
582518,126950,159,4.8,24,0,5,3,44
381533,106189,6,4.5,2,0,1,1,10
279160134,166000,42,5.0,8,20,0,0,1
278963850,189000,18,5.0,2,21,0,0,1
278073997,187000,74,4.8,6,25,0,0,3
277920150,40000,28,4.5,6,20,1,0,1
277348449,205000,2268,5.0,129,0,6,2,23
277314375,80000,103,5.0,7,33,1,0,3
276418968,123000,299,5.0,25,34,1,0,8
275974945,103200,44,5.0,2,20,0,0,1
275243138,88000,1310,4.8,4843,37,82,37,171
242425015,160160,625,4.8,36,23,2,0,9
219148748,68530,1684,5.0,157,23,4,2,40
209891492,82000,4982,5.0,517,25,14,18,110
201592117,28500,283,4.8,24,5,0,1,2
198197156,153900,508,5.0,35,30,0,1,9
192475873,84000,4198,5.0,108,30,1,2,17
187824773,269000,437,5.0,48,25,1,1,11
186876107,95480,948,5.0,47,23,1,1,11
166446371,44000,303,5.0,37,2,1,1,9
100347901,129500,2187,5.0,244,30,7,16,63
75813201,82000,2971,5.0,326,25,2,7,100
69764533,121500,229,5.0,43,55,1,3,7
66067655,192500,11373,5.0,952,23,20,11,158
55302745,127700,2796,4.8,273,36,14,12,75
45663008,52000,11299,4.8,1023,26,22,14,167
16284286,58000,2965,5.0,352,28,10,10,77
10866303,114000,2477,4.8,201,24,14,8,121
595726,179000,2384,5.0,294,25,8,9,83
437454,125000,292,5.0,38,26,1,0,14
278857023,115000,26,5.0,1,0,0,0,1
278856940,123000,107,5.0,10,23,0,0,3
278810625,369600,94,4.2,6,23,1,0,1
278777846,78000,42,4.0,1,34,1,0,0
278682221,148000,34,5.0,10,20,0,0,3
278159097,108500,320,5.0,21,30,0,0,1
277384161,32000,6,5.0,8,9,0,0,2
276849804,180000,13,5.0,2,0,0,0,2
276624530,100000,305,5.0,13,0,0,0,4
276526058,163000,178,5.0,26,28,1,1,7
275925573,28000,541,5.0,66,7,2,1,15
275905148,118000,567,5.0,27,34,1,0,5
275212810,175000,295,5.0,20,35,0,1,4
274761752,63175,153,5.0,8,32,1,1,2
274649745,230400,1991,4.7,126,20,10,4,27
274170471,132000,952,5.0,59,20,3,0,9
273486371,34650,363,4.8,16,23,0,0,3
272123977,245000,596,5.0,58,30,0,2,13
262977989,169000,15010,5.0,278,15,9,7,72
252857451,231000,258,4.8,26,32,1,0,7
248541389,177800,2176,5.0,114,21,3,3,21
229714486,125900,1543,4.7,110,30,6,4,14
194205624,87500,1128,4.8,60,30,2,2,12
192125792,113000,1576,5.0,155,25,5,2,34
94173458,56000,6264,5.0,747,30,12,19,106
79672197,34650,12633,5.0,533,23,13,15,147
52584834,60500,6700,4.7,721,32,29,24,108
21367457,61600,5587,4.8,861,30,20,13,125
19824204,940000,3001,4.8,569,5,19,14,125
14684952,81200,4672,4.8,513,30,15,12,155
14643411,135000,3917,4.8,282,25,11,8,104
10866297,134000,2605,4.8,115,16,5,6,39
9729890,262000,718,4.8,83,33,6,1,22
6770925,196000,64,5.0,1,30,2,2,35
278916756,28500,44,5.0,2,5,1,0,0
278872151,191730,87,5.0,9,23,0,0,2
278777892,151500,82,5.0,6,28,0,1,1
277581147,369000,322,5.0,21,0,0,0,8
276944781,299000,147,5.0,10,24,1,0,3
276912320,70000,221,4.6,11,30,1,0,3
276883579,180000,1147,5.0,54,0,0,0,23
276524232,29260,118,5.0,6,23,0,0,1
274999671,23000,134,4.8,5,0,1,0,1
274545439,82100,384,4.6,14,25,1,0,1
273691900,56000,247,5.0,7,30,0,0,1
273316208,101000,610,4.7,353,25,13,17,102
272353239,248500,223,5.0,17,30,1,0,7
270114030,165500,1851,4.5,101,40,10,5,16
262338107,63200,481,4.7,35,20,3,1,3
205010302,81900,2161,5.0,79,8,1,1,19
204000450,284800,1657,5.0,96,20,1,3,15
192909292,90000,864,5.0,128,25,3,2,24
190601856,67700,692,5.0,41,24,1,1,9
190238356,122300,3845,4.7,232,35,11,7,45
184419720,112000,559,4.5,40,25,4,3,6
132366463,161000,619,4.8,70,25,4,0,19
111285062,66220,11792,4.8,1093,23,21,19,180
109017985,137830,27162,4.8,5490,23,101,32,227
73207240,124000,5132,5.0,730,25,16,12,165
72459686,248500,16461,4.8,3432,30,47,29,269
49883392,237000,934,5.0,227,5,3,3,59
24490036,303000,4098,4.7,431,35,24,18,149
19274771,79000,3754,5.0,661,25,10,13,171
638185,92000,3942,4.8,306,34,11,15,145
377644,48500,38135,4.7,715,30,8,16,157
278872157,119000,82,5.0,1,30,0,0,1
278599451,199000,194,5.0,7,20,0,0,3
278017053,247600,77,5.0,4,14,0,0,1
277165432,277000,546,5.0,35,30,1,0,8
276451290,142000,20862,4.8,1487,25,20,15,221
275041762,151000,601,5.0,76,26,2,1,26
273464121,75800,570,4.7,26,30,1,2,3
273219497,41000,720,5.0,58,9,0,0,6
270546273,276000,3668,4.7,203,0,12,7,29
270206359,80000,17,5.0,3,0,0,0,1
205148094,71000,757,5.0,60,25,2,2,16
196515659,229000,747,4.8,88,26,2,3,18
195623862,10100,73,4.5,4,33,0,1,0
191781262,50000,418,5.0,15,23,0,0,2
190861557,117000,6025,5.0,929,11,28,22,253
190335975,115000,1634,5.0,153,28,4,5,44
185909446,60060,397,4.7,23,23,0,1,5
100395623,174000,1603,4.8,278,30,17,15,140
77962818,30000,709,4.7,7,0,0,1,4
77109209,69000,3644,4.8,508,30,38,21,177
74277389,147840,1008,4.8,138,23,5,4,37
56207383,184900,2139,4.8,306,29,13,13,83
52805060,61600,5593,4.8,931,30,32,22,136
36363381,186750,4060,4.8,376,25,19,17,213
10866305,195000,2381,5.0,148,25,5,5,67
7369223,67000,21314,4.8,1702,26,17,21,211
509618,1149000,3082,4.8,451,8,27,16,142
278940838,425000,27,5.0,2,41,0,0,2
278763936,114730,17,4.7,9,23,0,0,3
275868849,63200,312,5.0,18,20,0,0,6
274873108,35000,80,5.0,2,0,0,0,2
274163660,153000,115,5.0,101,32,0,2,28
273708851,131600,120,4.3,9,37,2,1,4
273383957,338700,921,4.8,79,32,7,0,24
272648555,134250,101,4.6,10,25,1,2,2
270660514,161000,1007,4.8,400,39,10,13,102
202661687,367000,348,4.8,59,33,5,2,19
199030585,118800,2283,4.7,107,34,6,0,25
189940724,118300,896,5.0,105,30,1,2,29
184070223,144760,3452,5.0,324,23,7,6,78
174444166,159100,959,5.0,71,24,1,2,27
160269222,23900,519,5.0,27,0,0,0,12
159050447,147000,560,4.6,52,36,7,2,14
138226289,281000,2663,5.0,330,30,6,11,92
104074997,92400,3767,5.0,301,23,10,5,95
80417215,106000,138,5.0,35,34,0,3,11
76526976,99000,703,4.8,62,29,1,1,19
57771444,219600,113,5.0,19,27,2,2,13
49002497,109000,1607,5.0,189,25,2,10,61
48362502,269500,7136,5.0,801,23,21,14,190
20444622,63000,14659,4.8,2689,36,25,27,285
278761161,222700,30,5.0,1,14,0,0,1
278055600,202000,512,4.7,21,29,2,0,3
277998048,146000,36,5.0,6,5,0,0,3
277842134,388900,162,5.0,12,32,0,0,4
277837132,77000,113,4.7,6,30,1,0,0
277381902,70000,661,5.0,40,26,0,2,7
276886071,88700,183,5.0,762,31,16,20,126
275676836,93000,471,5.0,22,28,0,0,6
275243821,90000,330,5.0,17,25,1,0,4
274599269,67500,458,5.0,16,25,0,2,2
272349567,131600,130,5.0,4,30,0,0,1
272349551,152460,286,5.0,9,23,0,0,1
242424688,68530,1752,5.0,140,23,8,6,27
214199407,191000,535,4.8,61,33,2,1,20
189643105,99840,13898,4.8,1510,22,27,35,198
187001113,88000,442,4.8,33,0,1,1,1
179063952,83160,1767,5.0,149,23,3,6,42
170706996,134000,707,4.6,48,25,4,3,9
161426354,150000,1080,5.0,67,24,3,0,27
127649070,62700,1253,5.0,24,26,1,2,4
116406726,81900,319,4.6,16,41,4,1,15
90480255,125300,714,5.0,73,30,7,10,83
77149524,128600,2089,4.8,299,28,7,14,86
74488127,303000,836,5.0,166,13,3,8,48
73166878,94300,202,5.0,17,37,1,1,19
52749673,98000,2201,4.5,240,0,15,17,65
50414368,77000,8389,4.8,1364,30,34,30,163
9810500,94000,1158,5.0,56,37,3,1,34
5914507,56000,3268,4.8,350,30,10,14,87
3082815,77800,4227,4.8,592,29,26,7,143
278965764,143000,23,5.0,2,0,0,0,1
278820598,132000,142,4.8,6,0,0,0,1
278231055,35000,18,1.0,1,30,1,0,0
278059479,123300,363,5.0,17,31,0,0,2
277992334,176800,297,5.0,19,29,1,0,2
277914851,594000,237,4.6,11,0,1,0,4
277393740,239000,113,4.3,6,0,0,1,1
277357535,114200,98,5.0,389,32,11,13,107
276922052,183000,43,5.0,2,32,0,0,3
276833106,127200,148,5.0,14,20,1,0,7
276233708,177600,71,4.5,2,20,1,0,1
276079779,178800,184,4.7,14,22,1,1,2
276078455,41000,350,5.0,18,9,0,3,0
276076848,124600,1051,4.6,47,30,4,3,3
275903077,299000,67,3.3,4,0,2,0,0
263514080,176800,138,4.8,22,33,2,0,4
263068391,140000,371,5.0,40,30,3,0,10
249875509,351000,296,4.7,35,22,3,3,6
216437675,101650,421,5.0,27,34,0,0,4
216090603,186900,217,4.7,18,25,1,1,4
196411152,103600,924,4.6,69,30,5,0,16
160370181,75000,1088,5.0,114,17,4,3,23
138107485,130130,3510,4.8,364,23,11,8,93
100958457,66000,5799,5.0,382,26,11,7,110
75813211,113000,667,5.0,100,13,6,8,58
73521489,110300,732,4.8,62,26,3,4,17
52413566,70000,1255,5.0,119,24,2,2,27
52329765,178500,3331,4.8,652,30,27,20,124
49747007,99330,13247,4.8,1908,23,44,31,219
40933971,101000,3699,5.0,386,25,12,6,129
32818414,67500,65,4.8,8,10,1,4,18
16422556,57000,1808,4.7,226,27,12,11,68
12533371,70700,2054,4.8,109,29,16,6,70
10397241,83160,4462,4.8,335,23,6,10,111
10118600,100200,510,4.5,35,33,2,3,8
5067155,90860,1568,4.8,182,23,7,8,58
278959512,188000,54,5.0,1,6,0,0,1
278747062,88000,22,5.0,2,26,0,0,2
278575755,178000,92,4.8,16,11,1,1,3
278567932,79000,61,4.0,5,25,0,1,3
278497819,100000,16,3.0,1,0,0,1,0
278403959,210000,121,5.0,11,30,0,0,1
278294156,145530,109,4.8,10,23,1,0,2
277499422,296000,32,5.0,1,26,1,0,0
276928994,98000,191,5.0,18,2,1,0,3
276586971,158000,21,5.0,3,24,0,0,2
275882938,113000,173,5.0,12,29,0,0,3
274163649,170200,154,5.0,17,28,0,0,3
273355903,112600,836,5.0,836,24,17,17,165
272962574,21600,67,5.0,3,0,0,0,1
263084725,172200,31,5.0,6,18,0,1,1
247446852,91630,1898,4.8,72,23,3,4,10
213701365,190960,892,5.0,75,23,1,1,12
196001721,400000,898,4.8,122,29,6,2,35
192737090,90000,153,4.5,14,0,6,5,23
117595535,105000,2139,4.8,385,30,23,11,90
113655001,78000,3479,5.0,693,0,11,18,163
92571387,75460,467,5.0,59,23,2,2,14
82996522,217000,1357,4.8,255,28,10,7,84
52691750,137060,1837,5.0,211,23,3,8,57
40933973,254000,1334,5.0,239,25,3,4,78
11371249,36400,8091,5.0,727,30,15,15,134
278749217,115000,3,4.8,114,32,6,7,40
278377762,24000,545,4.7,15,4,1,1,2
278004511,144000,58,5.0,797,22,20,9,141
277361862,124600,589,5.0,20,30,0,0,6
276344688,110600,125,4.8,5,30,0,0,2
275303225,119200,131,4.8,12,29,0,1,1
274842313,70200,447,5.0,35,0,1,1,7
274668055,210000,303,4.8,17,30,0,0,5
273119845,100000,3648,4.8,357,33,16,7,100
270835318,75460,330,5.0,14,23,0,0,2
269992031,59500,326,5.0,16,30,0,0,2
195624160,89400,1946,4.8,72,22,3,1,10
194104226,159000,318,5.0,22,24,0,1,3
191977198,40500,8,5.0,1,10,0,0,1
103511949,158000,698,5.0,86,21,2,4,25
92492870,164000,2459,5.0,287,30,6,5,113
66712456,119000,6313,5.0,894,25,26,14,147
50475521,129360,7455,5.0,905,23,13,11,166
44433397,83930,7129,4.8,699,23,19,16,140
3608623,69000,25953,4.8,2444,0,31,13,204
278296233,107000,33,5.0,3,8,0,0,2
277664553,358000,97,5.0,15,27,0,0,1
277412034,198000,1013,5.0,36,0,1,3,7
276931147,120200,55,3.0,2,24,1,0,0
276497195,144760,852,5.0,35,23,0,0,10
276159903,281000,261,4.8,17,30,1,1,3
276077657,111200,300,4.7,34,20,4,1,11
273029241,104000,280,5.0,66,26,1,0,19
262797664,67760,178,5.0,15,23,0,0,1
204051994,91000,1469,5.0,171,34,5,5,45
197214004,168000,132,5.0,16,4,0,1,4
186290806,30000,383,5.0,30,21,0,0,8
170490702,77800,519,4.8,31,26,2,0,12
165150439,86000,2426,4.8,236,22,5,10,66
158641027,118000,917,5.0,189,41,6,6,75
152740748,95000,3117,4.8,364,32,11,11,101
104314401,52360,5739,4.8,543,23,19,13,145
84970841,83930,4637,5.0,726,23,17,18,190
77774625,76230,10605,4.8,1770,23,24,21,219
72540051,52360,1167,5.0,104,23,4,3,33
54748899,129360,50119,4.8,5345,23,60,15,261
50723822,56000,5400,4.8,304,20,11,9,69
1533427,186700,1637,4.8,126,24,7,5,39
1006197,90600,2113,4.7,90,35,4,4,28
278948837,299250,15,4.3,3,5,1,0,0
278895130,179000,28,5.0,3,10,0,0,2
278892522,42000,12,5.0,2,7,0,0,1
278686259,204500,106,5.0,6,21,1,1,0
278526486,180000,133,4.8,21,20,2,1,7
278487516,137830,48,5.0,4,23,0,0,1
277482522,179280,65,5.0,2,28,0,0,1
274238676,119250,90,4.7,7,25,2,0,1
273688229,173100,250,5.0,18,13,1,0,3
273549047,140400,218,4.7,262,29,15,6,61
272454779,78800,241,5.0,18,17,0,0,3
272226138,157500,366,4.7,22,30,2,0,3
262301191,503580,1533,5.0,116,23,2,1,25
243006523,292000,570,4.8,49,24,1,0,9
213704979,216200,2040,5.0,305,19,4,4,81
190843478,350000,3972,4.7,292,41,17,8,58
182972777,103950,571,4.8,86,23,5,2,23
147988185,497000,1448,4.8,204,30,12,6,63
138269668,459000,1798,4.8,267,22,16,4,123
127991078,212100,235,4.8,32,29,3,1,15
116397449,67200,1882,5.0,296,30,12,16,52
97561438,103500,1512,4.8,170,26,9,2,57
77437951,95000,1559,5.0,276,24,6,8,86
69644748,92400,6643,5.0,787,23,10,11,148
62373313,162700,1100,4.8,140,29,3,4,60
39909003,51000,436,4.7,20,22,1,0,6
22634335,114000,4789,4.8,349,33,11,11,82
11336581,110600,10639,4.7,634,30,33,10,153
4059683,90000,592,5.0,67,24,1,1,19
2430425,305000,405,4.7,57,0,27,28,112
1932359,144000,2107,4.8,139,24,3,1,52
278703784,152460,87,5.0,2,23,0,0,2
277997247,123510,200,5.0,15,31,0,0,4
277891027,149000,450,4.6,13,25,0,1,7
277008730,155000,126,4.7,19,34,1,1,3
276933583,184000,101,4.8,45,31,3,2,12
276616667,330000,166,4.5,18,40,2,2,1
276361235,180000,147,5.0,52,20,3,1,11
275705688,81900,217,4.7,104,25,5,4,27
274845354,102000,839,5.0,91,36,1,2,17
274404957,93000,452,5.0,399,38,7,15,93
274323956,174000,121,4.8,65,37,3,2,20
273524646,129500,155,5.0,14,30,0,1,3
214599046,129360,465,5.0,17,23,0,1,1
205001886,107100,451,4.8,38,26,3,1,9
203958084,113960,959,5.0,39,23,2,0,8
193605374,134550,381,5.0,38,55,1,0,14
180226005,125200,628,5.0,68,24,0,2,19
173481363,229100,353,5.0,26,18,0,0,9
171556602,159000,2897,5.0,246,24,3,5,61
157579054,64700,419,5.0,46,24,0,1,13
49649751,35700,652,4.8,239,21,6,9,98
48629553,71000,3387,4.8,465,25,19,7,137
33543689,445000,1668,4.8,272,19,18,8,133
21853767,35200,471,4.7,31,30,2,3,33
21031780,134500,2228,4.7,436,39,23,19,137
1667307,82000,4322,4.8,373,25,24,13,94
1085104,102900,832,4.5,21,31,2,0,7
278872464,132000,135,5.0,20,9,0,3,6
278638428,28000,94,5.0,3,7,0,0,1
278612144,142450,33,5.0,7,23,0,0,2
278474664,519000,83,5.0,2,24,0,0,1
276598456,24800,168,5.0,11,1,0,0,1
276430699,81000,151,5.0,9,32,1,0,0
275354843,92400,354,5.0,21,32,1,2,4
275332787,276800,245,4.7,20,29,2,0,4
274925344,369000,188,4.3,6,0,1,0,0
274557870,85800,129,3.0,2,33,1,0,0
274315608,93000,566,5.0,56,28,2,0,11
273524641,115500,144,4.8,12,30,0,0,2
272421625,85150,111,5.0,10,35,0,0,3
271784299,154000,840,5.0,27,23,0,0,5
207968695,140000,1118,4.8,107,30,5,4,19
199692508,569000,1556,5.0,223,0,4,6,62
161008715,120000,7155,5.0,595,33,17,12,112
104907762,23000,342,4.5,38,0,5,4,3
82996527,71000,1015,5.0,62,25,0,3,15
67249173,110000,7,5.0,1,0,2,1,9
50269973,160000,1848,4.8,379,33,21,12,106
26222263,110000,2104,5.0,299,33,4,8,92
23413038,111500,4493,4.7,1045,17,40,20,207
543243,14000,1184,4.3,13,7,3,0,13
543026,14000,1369,4.8,9,7,1,2,14
278311177,73000,24,5.0,35,34,2,2,11
278089743,154500,298,5.0,12,33,1,0,0
275945034,175000,447,5.0,45,30,0,1,12
275278631,104300,207,4.8,13,30,0,1,0
273732354,96600,446,5.0,34,30,2,1,16
272599100,110000,186,5.0,7,27,1,0,1
249374002,74200,1079,5.0,92,30,4,2,25
249178401,169000,3745,5.0,63,15,3,0,19
248798962,299000,525,5.0,32,0,0,0,8
206675362,94500,147,4.5,2,30,5,2,26
195801673,81000,864,5.0,93,25,0,0,22
195573547,65400,367,5.0,20,23,0,0,3
192125806,61000,1767,5.0,57,24,0,2,15
191148802,120015,230,4.7,19,37,0,1,2
174842858,83160,4879,5.0,313,23,7,10,65
106863963,111650,23516,4.8,6150,23,112,44,224
91625816,164600,1146,4.8,127,25,8,6,67
73222800,83160,2555,4.7,370,23,25,17,102
68585576,103000,21609,4.8,3587,13,54,27,208
65443438,147500,1147,4.8,121,24,5,6,42
54053152,156600,1001,4.8,115,25,5,6,34
49884647,240000,969,5.0,201,4,0,1,56
46755107,111950,2098,5.0,163,17,0,4,67
42189706,81000,262,4.5,24,30,3,0,13
8021467,148400,1085,5.0,56,30,0,6,34
278238291,239000,58,4.5,2,20,0,1,0
277995420,99330,72,4.8,1149,23,24,21,134
277548460,152900,147,5.0,8,30,0,0,2
276919300,152460,210,5.0,6,23,0,0,1
276810789,346500,110,5.0,8,23,0,0,3
276354289,130500,65,4.0,5,29,1,0,0
276016557,24800,81,5.0,9,1,0,0,5
255352519,288500,92,5.0,7,27,1,1,2
242424349,24000,584,5.0,38,47,0,2,3
211924953,150000,196,5.0,9,40,0,0,1
204078065,107030,3487,4.8,320,23,14,13,71
188930494,47800,933,4.8,96,8,3,3,20
181122317,129360,442,5.0,41,23,0,0,12
162834879,724200,681,5.0,77,28,2,5,25
161310103,89000,4470,5.0,558,34,16,15,169
135754407,372000,259,5.0,42,31,1,2,10
111582638,114000,918,4.8,116,24,9,4,30
100384412,134400,1675,5.0,155,29,4,8,59
91120169,145800,1567,5.0,244,23,20,13,79
90866359,57000,1691,5.0,197,24,1,7,56
58342212,90090,4400,5.0,651,23,12,11,172
55589742,83160,2326,4.8,289,23,6,12,79
50301393,78000,257,4.7,22,26,1,1,8
49460092,114600,3051,4.8,278,23,11,8,81
24951095,82000,35072,4.8,2969,25,41,15,297
17477287,108400,1089,4.8,86,25,5,2,37
14645351,97300,2776,5.0,257,30,7,8,81
1826115,139000,1779,4.8,129,30,6,6,43
277587069,173250,52,4.6,5,23,0,1,0
275243823,46000,10,5.0,2,29,0,0,1
275105974,75460,367,5.0,853,23,12,9,122
274545380,109000,257,4.8,23,34,0,1,6
273355439,86000,33,5.0,30,9,0,0,9
273202452,83000,278,5.0,8,25,0,0,3
246073880,115200,31,5.0,4,4,0,0,1
212330085,80850,213,4.6,16,23,1,0,5
197901949,45000,678,4.8,47,0,2,0,5
191148972,67000,338,4.8,23,25,0,0,3
181915295,149000,343,4.8,75,25,2,4,20
170098856,88000,881,4.8,149,8,9,5,40
155463025,152460,1991,5.0,135,23,2,0,37
153518797,58520,543,4.8,32,23,1,1,7
128656374,20000,1519,5.0,169,0,5,2,43
124767704,107030,3739,5.0,399,23,15,7,113
79110444,126000,603,4.8,89,30,7,4,41
73717906,186100,350,4.6,57,22,5,2,20
17944710,121000,350,5.0,68,23,2,2,18
10277496,52500,440,5.0,36,30,0,0,12
10192047,85000,2625,4.7,233,29,12,9,58
3644653,57000,1765,4.7,78,34,6,0,25
2987223,110000,820,5.0,58,26,1,1,21
1864757,220000,1402,4.8,140,24,5,7,47
278293499,109200,259,5.0,14,30,1,2,3
277587065,116200,209,4.5,8,22,1,0,3
277357548,69000,73,4.8,111,30,1,3,25
277228145,277000,129,5.0,9,25,0,0,3
277228004,152000,392,5.0,28,32,1,1,9
276777219,113960,366,5.0,11,23,0,0,3
275909699,99000,474,4.8,497,23,18,17,106
275190399,75800,450,5.0,187,23,3,5,48
273718791,239000,558,4.8,89,20,5,4,33
271414259,322000,220,5.0,28,30,0,1,8
267208813,58000,1269,5.0,377,28,9,11,85
260819797,245000,1157,5.0,91,30,0,3,24
245787155,100000,491,5.0,54,17,1,1,9
216203823,258300,835,5.0,83,30,2,1,21
183539219,66000,833,5.0,172,26,9,5,76
176909246,137060,1176,4.8,109,23,4,2,29
172154901,96000,368,5.0,28,20,0,2,9
171549946,98000,961,5.0,94,25,1,1,30
138504579,999000,168,4.5,25,41,4,0,7
127564524,673000,799,4.8,194,32,9,7,91
81884465,189000,48,5.0,5,14,1,0,0
74341297,99330,16182,5.0,2975,23,41,21,247
72308265,163800,5798,4.8,962,30,48,20,158
27594632,92400,4270,4.6,585,30,50,25,119
16084263,518700,9227,4.7,732,26,47,24,227
11885886,158000,807,4.8,105,19,3,8,23
3876677,164000,2854,4.7,312,31,32,13,103
970417,88000,24886,4.8,864,20,17,9,192
555504,83160,16372,4.8,1957,23,30,15,210
278917412,117700,11,5.0,1,21,0,0,1
278874592,91000,8,5.0,8,0,0,0,1
278842435,727000,20,5.0,1,15,0,0,2
278521784,237000,41,5.0,3,21,0,0,1
278468956,95000,31,5.0,1,0,2,0,0
278401982,130130,87,5.0,2,23,0,0,1
277135732,84000,119,5.0,2,20,0,0,1
275875006,98000,124,4.5,46,29,7,2,12
275842425,172000,214,4.7,31,20,2,6,10
275569214,103000,96,4.5,2,26,0,1,0
274455494,273000,153,5.0,6,28,0,0,1
274242080,210000,132,5.0,9,30,0,0,1
273744610,123500,45,4.5,5,22,0,1,0
273321955,23750,923,5.0,69,5,0,3,7
241899647,64600,167,5.0,7,35,0,0,2
195801641,165000,265,5.0,14,15,0,0,2
195545266,62300,592,4.7,31,22,1,3,2
170352966,98000,930,5.0,53,25,0,2,21
158745336,104000,123,5.0,12,25,0,0,4
113655533,46000,2314,5.0,373,0,4,8,121
100347907,88000,3650,5.0,909,11,27,25,247
99511241,124300,678,4.8,47,34,1,0,16
76014598,153000,2864,5.0,302,36,19,14,93
75813207,269000,1280,5.0,242,25,6,8,57
36425573,204000,5,5.0,1,0,1,0,1
13443886,217000,2208,4.8,340,25,11,9,81
10581200,39000,14129,5.0,1312,22,14,16,174
10227722,60000,12116,4.8,501,25,19,14,141
335337,135500,1647,4.8,157,0,21,10,163
278819422,119000,29,5.0,1,30,0,0,1
278682211,127050,87,4.6,7,23,1,0,1
278636704,105000,39,4.8,4,30,1,0,1
278196123,148000,80,3.0,2,0,0,0,1
277857892,153000,73,3.5,2,30,1,0,0
277684246,156000,28,5.0,1,32,1,0,1
276756378,208000,158,4.8,11,30,0,1,4
276451695,136200,103,5.0,8,30,0,0,2
274557169,250000,178,4.8,16,0,2,0,4
273572930,276000,86,4.3,3,21,1,0,0
252648900,42000,284,5.0,19,7,0,0,2
208560326,60000,741,5.0,25,25,0,0,9
207427386,183000,234,4.7,15,23,2,2,2
204317934,240000,2478,5.0,273,26,5,3,87
177117486,125000,737,5.0,120,32,1,5,39
175147117,80700,161,5.0,11,26,0,0,2
175146839,110800,281,5.0,50,26,4,0,10
131843989,59600,662,5.0,85,25,2,1,25
126743461,138400,269,4.7,38,30,2,2,15
87118123,12000,82,4.0,4,20,1,0,1
84950232,75460,1723,5.0,222,23,5,5,67
69624539,210000,2692,4.8,413,30,19,17,148
8155348,139000,2437,4.7,150,30,15,11,37
5852521,157000,27213,5.0,1992,25,17,18,266
543197,134400,273,5.0,19,20,12,10,100
520330,79000,4042,4.8,436,34,17,16,115
279135169,51000,5,5.0,1,25,0,0,1
278947811,35800,17,5.0,2,0,0,0,1
278903287,29400,43,5.0,1,2,0,0,1
278070727,111000,96,4.8,4,34,0,1,1
277168610,210000,57,5.0,7,27,0,0,2
277041317,97000,68,5.0,3,0,0,0,1
276396477,97000,419,5.0,25,8,1,0,3
275452687,1417000,77,5.0,14,23,1,1,3
275332762,188900,400,5.0,42,30,0,1,8
275206732,169000,75,5.0,3,23,0,0,2
274099740,66000,63,4.7,3,34,1,0,1
273952861,124600,31,5.0,1,30,0,0,1
272422879,255000,93,5.0,13,0,0,1,9
271516488,82000,2887,4.8,164,25,5,2,50
269897426,137200,301,4.7,31,30,1,2,9
248755023,69300,796,4.8,59,30,2,3,12
186290824,31000,837,5.0,85,18,1,1,13
175798776,355600,339,4.8,54,29,2,2,17
168293381,101000,76,5.0,10,33,0,2,3
168234704,107000,241,5.0,20,14,0,0,9
104651900,143200,2823,4.8,451,0,21,15,112
102775969,188300,1314,4.8,274,30,12,7,83
50277621,103100,1795,4.7,243,35,10,12,57
32921595,47000,1939,4.8,373,31,12,19,137
13407561,47400,5305,5.0,559,21,8,15,135
6926849,145000,17740,4.8,1897,24,33,26,242
1681461,225200,1230,5.0,105,22,3,3,26
1337733,83900,2394,5.0,209,16,5,2,75
278698572,115370,11,5.0,1,17,0,0,1
278160712,83930,18,5.0,2507,23,32,29,221
278116070,129000,19,4.0,2,0,1,0,0
277596870,80000,87,5.0,531,33,5,8,103
277441653,254600,45,5.0,3,25,0,0,3
277410869,97300,109,5.0,7,30,0,0,1
276933577,48000,48,5.0,49,26,2,1,8
276653138,121000,84,4.8,5,28,0,0,1
275104696,165000,162,5.0,19,25,0,1,5
273457383,116700,138,4.5,41,22,6,1,8
271122419,152300,285,5.0,84,26,0,1,21
267340202,239700,76,5.0,7,23,0,0,1
254078276,299000,224,5.0,14,0,1,0,4
249960247,149000,3251,5.0,188,25,4,3,43
194960720,186000,637,5.0,61,24,3,0,14
188930500,51000,885,5.0,83,2,0,0,19
176824195,159500,662,5.0,36,22,1,0,7
174449882,142200,403,5.0,19,27,0,0,1
170706974,144300,664,5.0,22,24,0,0,3
170094972,200200,971,4.8,106,23,3,8,31
114447395,52500,620,5.0,119,30,2,3,44
109298270,63000,1132,4.8,99,7,3,4,29
105614684,12600,13773,4.8,503,0,15,14,113
105078425,62000,220,5.0,9,21,0,0,2
78975583,44660,233,5.0,30,23,0,1,10
77112144,45000,1026,4.8,172,24,3,11,62
63473605,74800,5550,5.0,816,31,15,15,185
54002545,84000,514,4.8,45,24,3,1,17
38223395,67700,2662,4.8,407,24,14,15,97
34745639,315000,183,4.8,22,10,0,0,9
16391543,115500,5516,5.0,301,23,10,5,126
13105198,139000,7360,4.8,729,7,8,18,155
8818431,90090,558,5.0,68,23,2,4,34
7496289,84000,967,4.8,95,27,2,1,22
5402867,66100,545,5.0,24,33,2,1,9
278485852,82000,150,5.0,6,7,0,0,3
278090763,366000,81,5.0,288,23,8,5,79
277923262,109000,47,4.5,2,25,0,0,1
277776208,269000,137,5.0,12,25,0,0,2
277742612,132100,72,5.0,7,30,0,0,1
276799236,155600,59,5.0,3,32,0,0,1
276546963,79000,404,5.0,38,25,2,0,6
276231113,152460,169,5.0,18,23,1,0,2
275703757,67700,418,5.0,6,24,0,0,1
274069249,70000,125,5.0,5,30,0,0,1
273899200,208000,195,4.7,1730,34,28,20,199
271950437,59500,59,5.0,6,30,0,0,2
271317433,122300,160,4.7,14,15,0,1,1
262590381,41400,108,4.8,28,8,3,1,7
253129523,164400,1327,4.8,85,13,5,0,14
204771676,175000,664,5.0,71,34,3,1,23
200938543,139000,133,5.0,10,22,0,2,2
194103345,1698000,174,4.6,31,32,5,0,9
191148988,166000,476,5.0,51,24,1,1,8
190701644,91630,973,5.0,87,23,2,2,25
186265449,93000,1321,4.8,50,25,3,0,10
185409955,9000,302,5.0,36,0,1,1,12
184782104,129360,1631,5.0,124,23,4,7,44
159388992,79000,35,5.0,2,0,0,0,2
132355740,107000,281,5.0,30,14,0,0,7
109765020,50400,1902,5.0,148,30,3,5,36
58390336,125000,4481,4.8,909,0,24,22,139
3671663,37900,800,5.0,103,16,0,2,42
1954475,125700,1562,4.6,151,26,10,10,61
1215677,10000,884,5.0,7,23,0,0,6
278638933,145530,84,5.0,7,23,1,0,2
278521559,89600,29,4.3,3,30,0,1,0
278373362,115500,40,4.6,7,23,0,0,3
276302717,190500,79,5.0,7,29,0,0,2
276286331,103200,154,5.0,5,20,0,0,1
275611112,82600,108,4.8,6,30,0,0,4
275421986,142000,270,5.0,34,29,1,1,8
275335272,80500,343,5.0,29,30,0,0,3
272405380,157680,71,4.5,2,28,1,0,1
271808190,109000,505,4.8,53,34,1,3,12
270442370,118900,327,4.5,13,30,1,1,4
263117193,266400,203,5.0,10,20,1,1,4
253057679,163700,251,5.0,14,13,0,0,3
216226699,166300,288,5.0,29,27,0,0,4
216090608,74000,171,4.6,7,25,1,0,4
204761686,350000,260,5.0,44,0,0,2,18
199177647,104300,659,4.8,67,30,5,1,24
173865570,129000,5180,5.0,655,0,10,14,168
173515462,74000,247,4.8,23,26,1,0,6
168662558,116000,3225,5.0,234,25,4,5,56
162865518,118000,729,4.8,83,26,2,1,21
154245455,182000,2578,5.0,297,33,4,11,102
153518828,67000,2624,5.0,353,26,10,10,102
138934626,348500,422,4.8,90,29,6,4,37
130233544,154400,3850,4.8,522,26,17,16,113
94173462,206360,26529,5.0,5753,23,66,26,266
78975610,107800,1973,4.8,243,23,9,11,75
52798281,62700,2844,4.8,319,37,10,10,62
464132,25000,1870,5.0,214,29,8,11,69
278567955,154100,55,5.0,3,30,0,0,1
277750399,488100,53,4.0,4,30,1,0,2
273569038,249000,756,4.7,32,0,2,0,11
273524657,49000,230,5.0,7,30,1,0,1
273418280,99330,356,4.8,34,23,2,1,9
272226135,97300,99,5.0,13,30,0,0,3
271317275,96250,1812,5.0,162,23,3,6,26
271075257,16000,25,3.0,1,0,1,0,0
270660251,54000,136,4.8,148,2,5,1,27
263697837,58000,143,5.0,158,3,4,2,30
263068035,103000,427,4.8,13,20,0,1,1
242725109,79000,413,5.0,39,33,1,1,11
212213039,122000,474,4.8,30,28,1,2,3
197587864,145600,546,5.0,41,30,1,0,10
196001718,203000,121,4.7,19,25,1,1,3
192173848,158300,191,5.0,16,9,1,0,2
181699638,109000,440,4.7,86,27,5,0,36
150783204,15000,893,4.7,96,0,4,7,20
103550551,105000,2492,4.8,543,30,27,13,144
93249197,60060,1763,4.8,107,23,10,5,30
77105806,133000,134,4.6,17,24,2,0,6
75615221,90090,1743,5.0,267,23,7,4,95
53703869,322400,235,5.0,33,27,2,1,13
50215275,19400,492,4.8,85,22,1,2,25
21129748,102700,2303,4.8,174,26,2,5,56
2542273,141400,713,4.6,35,29,4,1,12
648672,60000,2663,4.8,224,26,10,9,75
595724,172000,3344,5.0,418,25,12,13,105
542936,13000,861,4.7,7,13,1,1,3
441373,65700,5040,4.5,99,26,10,9,91
278859733,147500,3343,5.0,313,26,7,4,91
278443308,77300,10,5.0,2,30,0,0,2
277521192,194800,88,5.0,8,30,0,0,3
277348553,130000,72,5.0,5,23,0,0,1
276923143,142800,62,5.0,2,15,0,0,2
276655583,29400,183,5.0,9,2,0,0,2
273355948,92000,161,5.0,21,16,0,1,6
270466770,64000,194,5.0,286,9,3,8,83
243223577,169000,1702,4.8,72,15,2,0,27
199547421,94300,837,4.6,44,37,5,1,7
196932335,84000,911,4.8,74,30,5,1,13
195623935,10000,64,5.0,2,33,0,1,0
184629090,73800,485,5.0,47,25,1,1,20
170706992,117000,650,5.0,171,3,4,5,60
163902730,76500,102,5.0,10,55,0,0,3
161383835,74200,303,5.0,11,25,0,0,4
150838230,130300,998,5.0,85,27,2,1,23
111285054,66220,2742,5.0,245,23,6,10,88
90866363,39000,507,5.0,61,22,1,2,13
74460137,83160,3557,4.8,408,23,12,18,114
58971672,106260,1581,5.0,214,23,10,7,68
47142043,99000,1953,5.0,152,24,3,7,50
22881835,130100,881,4.7,107,9,4,9,18
21435658,75600,458,4.7,33,30,3,1,17
10371573,113000,401,4.5,10,27,2,2,14
3717993,62700,2239,5.0,102,24,4,0,26
1443167,77300,9391,4.7,274,22,16,17,85
279160732,75000,12,5.0,3,0,0,0,1
278860289,160000,185,5.0,8,20,0,1,2
278843762,152000,36,5.0,1,34,0,0,1
278842696,148900,54,5.0,3,29,0,0,2
278619827,129500,46,4.8,6,30,0,0,4
278468121,240000,410,5.0,19,4,0,0,2
278016081,137830,85,4.5,9,23,0,0,1
276948759,355000,511,5.0,63,35,1,1,19
275625701,471200,384,5.0,189,21,5,8,56
275524304,153900,76,4.2,5,23,0,1,1
274940704,202200,431,4.5,17,27,2,0,2
273356637,84900,667,5.0,68,22,2,4,26
208198125,412000,325,4.7,39,31,3,2,6
199030589,102500,354,5.0,21,39,1,1,4
188534650,112500,154,4.7,14,33,2,1,2
185909477,52360,1013,5.0,77,23,1,1,15
185873053,122800,464,4.8,37,21,1,1,8
185242029,110600,385,5.0,51,30,2,1,21
179372235,899000,172,5.0,31,25,3,1,10
176560456,63000,289,4.8,21,26,1,1,4
158563273,289000,177,5.0,20,0,0,1,11
125528587,111000,1386,4.8,242,30,9,8,69
121185870,126000,1703,5.0,274,30,11,6,77
100376369,143000,4180,4.6,878,32,70,31,160
91553053,150500,885,5.0,71,30,1,0,11
86267532,71000,1129,4.8,155,25,6,5,42
75627527,119990,20,5.0,1,29,0,0,2
3014291,752000,38418,4.8,5653,10,40,20,220
278055541,349000,104,4.2,6,29,2,0,0
277622005,205000,91,5.0,9,21,0,0,4
276562878,153000,91,5.0,8,22,0,0,4
276074174,104000,74,5.0,7,23,1,0,2
275962493,402000,220,4.8,31,27,1,0,6
275948805,211000,169,4.8,8,26,0,0,2
275923492,221760,199,5.0,25,23,1,1,4
275853526,89900,126,4.8,12,35,0,0,4
274136484,115000,182,4.6,30,8,3,1,3
274028810,25000,81,5.0,2,0,0,0,1
272227226,103400,171,4.3,7,29,1,0,1
263049497,106260,907,4.8,72,23,4,1,13
262550907,129000,69,5.0,3,0,0,0,1
252138287,107030,170,5.0,6,23,0,0,1
215123449,155000,539,4.7,37,34,2,1,12
195545504,62000,500,5.0,54,23,3,1,11
195545270,32800,184,4.7,16,22,1,2,4
191077718,210000,184,4.8,28,40,0,1,10
190707634,156000,369,4.7,46,34,2,2,14
176906754,227150,953,4.8,76,23,3,4,24
167301575,111200,2175,4.7,162,20,17,3,43
156824943,111650,1186,5.0,201,23,5,6,56
155115299,82000,510,5.0,66,43,3,0,37
111579995,70400,441,5.0,67,45,5,2,27
99089541,384000,23,4.5,5,30,1,0,0
77105703,72000,1143,5.0,134,24,4,2,40
60808684,52200,206,4.8,28,55,3,2,12
56377195,73700,542,4.1,62,26,11,5,21
49026028,102000,315,4.8,50,32,3,2,24
22881852,207100,12769,5.0,2623,5,14,24,250
10379313,220600,2283,4.6,135,24,11,5,44
6010325,125300,1104,4.7,74,30,8,5,26
5154511,68600,4984,5.0,551,30,13,19,134
278669278,123000,23,5.0,1,17,0,0,1
277907347,140000,49,4.7,6,20,1,0,0
277770730,169400,146,5.0,3,23,0,0,2
277599507,118300,7,5.0,2,30,0,0,1
277526020,106000,59,3.0,2,33,0,1,1
277514023,151200,96,4.8,17,20,0,1,3
277444558,113960,116,1.0,1,23,0,0,1
277045721,131100,49,4.7,6,33,1,0,3
275245071,77000,116,5.0,10,33,0,1,3
274455492,790000,54,4.5,2,28,0,0,1
273978192,166000,154,5.0,16,32,0,1,5
273822776,117600,114,5.0,4,30,0,0,1
203231461,99330,564,5.0,54,23,1,2,13
195961274,73800,118,4.8,9,25,1,1,2
187824619,67000,908,5.0,65,26,1,2,18
180399921,102000,64,5.0,11,15,0,0,5
162100197,69900,150,5.0,20,29,0,0,2
80142837,162700,1797,4.8,326,29,15,14,149
76837849,86400,168,4.8,25,6,7,7,29
57110087,249000,13463,4.8,2250,0,43,14,193
55505747,120120,2507,5.0,405,23,0,10,126
52004412,83000,4297,4.8,512,24,14,12,126
48210076,73800,202,5.0,8,30,0,0,13
6313597,80080,491,5.0,37,23,1,0,15
3640421,63000,14744,4.7,962,30,38,21,181
555338,102100,826,3.0,4,40,3,1,1
475974,702000,3554,4.7,314,15,18,6,188
356317,73500,415,4.8,6,25,2,0,6
279094502,144000,8,5.0,1,20,0,0,2
278090771,454200,43,5.0,254,25,5,6,68
276280442,112420,71,4.8,4,23,0,0,1
276274418,93450,27,5.0,3,48,0,0,1
275923489,60000,168,5.0,11,12,0,0,1
274557494,184030,476,5.0,33,23,0,0,7
273691882,110600,169,5.0,6,30,0,0,4
270883256,110600,105,5.0,7,30,0,1,2
263067664,124800,437,4.8,16,26,0,1,1
252040645,90000,25,5.0,3,0,0,0,3
252011898,83160,86,3.0,1,23,1,0,0
200935032,41400,888,5.0,101,0,3,2,23
195881360,129360,217,5.0,18,23,1,0,5
186329455,221000,8,1.0,1,34,1,1,3
181122325,127000,313,5.0,16,14,0,0,2
174440921,218350,185,5.0,12,0,0,0,4
173515991,169700,401,4.8,39,29,3,2,10
172206434,83160,1109,5.0,104,23,1,2,28
170352285,165000,134,5.0,14,25,0,0,5
101548454,206000,183,4.8,35,28,1,2,8
77149795,75800,635,4.7,58,23,4,1,20
76388962,86000,9881,4.8,1862,12,34,36,177
74992393,141400,489,5.0,72,29,3,4,17
74332658,53900,530,4.8,88,23,3,5,30
34709112,110000,205,5.0,17,0,2,3,39
1000276,135500,2390,4.8,103,24,5,4,30
480059,111000,1099,4.6,12,21,1,0,10
474541,10900,1035,5.0,5,27,0,0,4
278968560,162000,12,5.0,1,0,0,0,1
276948023,150000,39,5.0,2,25,0,0,1
276593758,274120,106,5.0,8,23,0,0,3
276376962,106000,286,5.0,12,24,1,0,3
276353077,95200,138,5.0,9,20,0,0,4
275759854,23000,16,3.0,2,0,1,0,0
275148257,175000,27,5.0,5,20,0,0,1
274853710,204000,161,5.0,5,28,0,0,1
273322817,80750,63,4.8,25,5,2,1,6
271312189,150000,179,4.8,13,41,0,0,5
270442400,78400,16,5.0,1,29,0,0,1
270113245,148000,125,4.7,21,24,1,0,4
204810323,195000,159,5.0,15,0,0,0,5
202007364,71000,126,4.7,10,21,0,2,1
200771984,36400,49,5.0,1,30,0,0,1
197656321,83900,194,5.0,6,23,0,0,1
195954729,137000,247,4.7,7,26,1,0,1
195801687,187000,199,4.8,15,17,1,2,1
164336677,36000,139,5.0,17,55,0,0,7
82384950,9900,171,5.0,23,1,0,1,5
74174356,52360,153,4.8,17,23,0,2,3
73687713,74250,350,4.8,60,45,2,3,15
73356673,166600,331,4.7,82,30,3,3,18
57503149,113960,1899,5.0,293,23,8,7,83
41593625,66000,857,5.0,64,30,0,0,19
31587465,243000,230,4.6,24,10,4,2,11
10638286,34000,73,5.0,8,24,0,1,5
1864761,142000,1696,4.8,209,24,7,10,73
1387543,113900,445,4.5,22,21,2,1,12
277400587,1664000,47,5.0,11,20,0,0,5
277138904,221760,192,5.0,8,23,1,0,1
277041576,138000,27,5.0,3,0,0,0,2
275243836,30000,30,5.0,2,21,1,0,1
275023306,69000,38,5.0,3,1,1,0,0
274761877,109000,260,5.0,24,25,0,2,2
273059057,62700,44,4.8,5,26,0,0,3
263514066,165500,41,4.0,4,30,1,0,1
260811707,167860,7408,5.0,624,23,10,14,116
214493577,155600,100,4.8,6,24,0,0,1
195954693,158700,63,5.0,4,26,0,1,0
191410857,169400,143,5.0,8,23,0,0,1
186880666,211100,196,5.0,18,29,0,0,4
112110014,82700,5462,4.8,699,36,20,17,120
78015041,215700,2417,4.7,656,28,52,21,151
63554358,117000,139,4.7,45,3,2,3,14
53545654,384000,1719,4.7,229,23,11,6,72
34340291,112600,5868,4.7,567,24,23,17,149
10678954,300300,7154,4.8,1086,23,16,19,187
10118594,150200,862,4.5,42,25,4,0,18
4175505,84000,805,5.0,52,30,4,3,38
2438599,79800,6883,4.1,208,26,37,28,142
279078946,39600,2,5.0,1,1,0,0,1
278814488,57000,95,5.0,5,5,1,0,1
277922893,112420,133,4.8,6,23,0,0,1
277425002,94000,269,5.0,17,25,0,1,2
276912267,100000,227,5.0,7,8,0,0,3
276661136,199200,110,4.6,7,20,1,0,1
275243125,74000,2710,4.8,458,25,17,17,106
273636652,110000,140,4.8,20,35,1,0,3
273219043,80800,565,4.7,120,26,7,4,30
271337381,331100,794,4.8,66,23,4,2,13
270699972,163100,271,5.0,20,18,0,0,2
263980370,147000,768,5.0,82,30,0,2,15
263387398,196350,188,4.8,16,23,2,1,2
242734893,349000,651,5.0,60,0,0,0,18
203937562,271700,696,5.0,65,0,0,2,20
203864188,73800,585,4.7,20,25,1,1,3
188535523,76800,344,5.0,53,33,1,4,15
145288026,175000,2999,5.0,426,30,14,11,91
138934620,313100,621,4.8,114,22,2,6,48
127844385,105000,3716,4.8,588,30,22,22,137
106863962,90860,2279,5.0,278,23,9,5,70
92859060,248500,1937,4.8,305,30,21,8,91
53789573,59200,203,5.0,94,22,50,30,193
33492447,162700,2262,4.7,133,29,12,7,30
3608625,299000,32117,4.8,4449,0,54,24,235
543206,95000,492,4.3,9,30,4,0,13
